{
    "best_accuracy_score": 0.8087091757387247,
    "average": 0.3065352697095436,
    "model_performance": 2.638225534389613,
    "baseline_accuracy": 0.6936236391912908
}