{
    "best_accuracy_score": 0.8180404354587869,
    "average": 0.3065352697095436,
    "model_performance": 2.6686665982479543,
    "baseline_accuracy": 0.6936236391912908,
    "accuracy": 0.8040435458786936,
    "precision": 0.7482517482517482,
    "recall": 0.5431472081218274,
    "f1": 0.6294117647058823,
    "roc_auc": 0.8286176048803806
}