{
    "best_accuracy_score": 0.8118195956454122,
    "average": 0.3065352697095436,
    "model_performance": 2.648372555675727,
    "baseline_accuracy": 0.6936236391912908
}