{
    "metric": "accuracy",
    "cv_results": {
        "accuracy": 0.7957984209134524,
        "precision": 0.7200777487352166,
        "recall": 0.547028944610175,
        "f1": 0.6212924785080982,
        "roc_auc": 0.7957951782501077
    },
    "random_state": 12345,
    "k_folds": 5,
    "num_cols": [
        "calls",
        "minutes",
        "messages",
        "mb_used"
    ],
    "cat_cols": []
}