{
    "timestamp": "2026-03-14T10:44:22.745324",
    "shape": [
        3214,
        5
    ],
    "calls": {
        "count": 3214.0,
        "mean": 63.03889234598631,
        "std": 33.2363675474435,
        "min": 0.0,
        "25%": 40.0,
        "50%": 62.0,
        "75%": 82.0,
        "max": 244.0
    },
    "minutes": {
        "count": 3214.0,
        "mean": 438.20878655880523,
        "std": 234.5698721733563,
        "min": 0.0,
        "25%": 274.57500000000005,
        "50%": 430.5999999999999,
        "75%": 571.9274999999999,
        "max": 1632.0600000000004
    },
    "messages": {
        "count": 3214.0,
        "mean": 38.28126944617299,
        "std": 36.14832557358982,
        "min": 0.0,
        "25%": 9.0,
        "50%": 30.0,
        "75%": 57.0,
        "max": 224.0
    },
    "mb_used": {
        "count": 3214.0,
        "mean": 17207.673836341008,
        "std": 7570.968246251093,
        "min": 0.0,
        "25%": 12491.902500000004,
        "50%": 16943.235,
        "75%": 21424.69999999999,
        "max": 49745.73000000001
    },
    "is_ultra": {
        "count": 3214.0,
        "mean": 0.30647168637212197,
        "std": 0.46109971150909324,
        "min": 0.0,
        "25%": 0.0,
        "50%": 0.0,
        "75%": 1.0,
        "max": 1.0
    }
}