,order_id,user_id,order_number,order_dow,order_hour_of_day,days_since_prior_order
count,47897.0,47897.0,47897.0,47897.0,47897.0,45006.0
mean,1705249.0521118233,103403.89926300186,17.108253126500617,2.772052529385974,13.478255423095392,11.115117984268764
std,986909.9562013568,59556.887258407834,17.641925922811662,2.0493701317991158,4.219471760443432,9.188817360612324
min,131.0,5.0,1.0,0.0,0.0,0.0
25%,854759.0,52110.0,5.0,1.0,10.0,4.0
50%,1697955.0,103298.0,11.0,3.0,13.0,7.0
75%,2557669.0,154997.0,23.0,5.0,16.0,15.0
max,3421053.0,206206.0,100.0,6.0,23.0,30.0
