{
  "name": "CatBoostRegressor",
  "model_path": "models\\best_model.joblib",
  "params": {
    "n_estimators": 145,
    "max_depth": 6,
    "learning_rate": 0.2
  },
  "metrics": {
    "rmse": 2094.3878585587727,
    "mse": 4386460.502078401,
    "mae": 1454.9246539195435,
    "r2": 0.817700319295425,
    "pred_time": 0.0035386085510253906
  },
  "timestamp": "2026-02-23T13:30:13.835543"
}