{
  "name": "CatBoostRegressor",
  "model_path": "models\\best_model.joblib",
  "params": {
    "n_estimators": 145,
    "max_depth": 6,
    "learning_rate": 0.2
  },
  "metrics": {
    "rmse": 2149.1729907148365,
    "mse": 4618944.544018155,
    "mae": 1480.4570635837217,
    "r2": 0.8104637462575911,
    "pred_time": 0.003537893295288086
  },
  "timestamp": "2026-02-26T15:15:27.052706"
}